{"cameraMode":{"drawMode":0,"name":"Shaded","section":"Shading Mode"},"sceneLighting":false,"audioPlay":false,"sceneViewState":{"showFog":true,"showMaterialUpdate":true,"showSkybox":false,"showFlares":true,"showImageEffects":true,"showParticleSystems":true},"in2DMode":false,"pivot":{"x":-0.3963671326637268,"y":1.1484357118606568,"z":0.3962644934654236},"rotation":{"x":-0.27472811937332156,"y":0.06684713065624237,"z":-0.019150983542203904,"w":-0.9590093493461609},"size":1.431004524230957,"orthographic":false}