{"cameraMode":{"drawMode":0,"name":"Shaded","section":"Shading Mode"},"sceneLighting":false,"audioPlay":false,"sceneViewState":{"showFog":true,"showMaterialUpdate":true,"showSkybox":false,"showFlares":true,"showImageEffects":true,"showParticleSystems":true},"in2DMode":false,"pivot":{"x":0.000024318695068359375,"y":1.0931153297424317,"z":-0.018565267324447633},"rotation":{"x":0.1946108192205429,"y":-0.019125796854496003,"z":0.0037954042199999096,"w":0.9806873798370361},"size":97.99322509765625,"orthographic":false}